market_segment,total_revenue,city_count,revenue_pct
Long Tail,801116.65,2604,5.004204193743039
Mid Market,2405421.08,1131,15.025549969850099
Top Market,12802334.389999995,384,79.97024583640686
