payment_type,total_revenue
credit_card,12542084.189999327
boleto,2869361.2699999753
voucher,379436.8700000007
debit_card,217989.7900000001
not_defined,0.0
